{
  "risk_score_quantile_60": -0.05326697267054967,
  "risk_score_quantile_85": -0.003188028517170261
}